{"cameraMode":{"drawMode":0,"name":"Shaded","section":"Shading Mode"},"sceneLighting":false,"audioPlay":false,"sceneViewState":{"m_AlwaysRefresh":false,"showFog":true,"showSkybox":false,"showFlares":true,"showImageEffects":true,"showParticleSystems":true,"showVisualEffectGraphs":true,"m_FxEnabled":true},"in2DMode":false,"pivot":{"x":0.04568958282470703,"y":1.5533249378204346,"z":-0.5308438539505005},"rotation":{"x":-0.10467042773962021,"y":0.8891101479530335,"z":-0.36579543352127077,"w":-0.25441625714302065},"size":1.355193853378296,"orthographic":false}