{"cameraMode":{"drawMode":0,"name":"Shaded","section":"Shading Mode"},"sceneLighting":false,"audioPlay":false,"sceneViewState":{"m_AlwaysRefresh":false,"showFog":true,"showSkybox":false,"showFlares":true,"showImageEffects":true,"showParticleSystems":true,"showVisualEffectGraphs":true,"m_FxEnabled":true},"in2DMode":false,"pivot":{"x":-7.714073181152344,"y":0.4690381586551666,"z":7.316854953765869},"rotation":{"x":-0.015170777216553688,"y":-0.13962140679359437,"z":0.0020431913435459139,"w":-0.9901450276374817},"size":6.062177658081055,"orthographic":false}