{"cameraMode":{"drawMode":0,"name":"Shaded","section":"Shading Mode"},"sceneLighting":false,"audioPlay":false,"sceneViewState":{"m_AlwaysRefresh":false,"showFog":true,"showSkybox":false,"showFlares":true,"showImageEffects":true,"showParticleSystems":true,"showVisualEffectGraphs":true,"m_FxEnabled":true},"in2DMode":false,"pivot":{"x":-0.0010211467742919922,"y":1.319973349571228,"z":-0.002538442611694336},"rotation":{"x":-0.020289529114961625,"y":-0.974708080291748,"z":0.09857580065727234,"w":-0.19981935620307923},"size":3.19415283203125,"orthographic":false}