{"cameraMode":{"drawMode":0,"name":"Shaded","section":"Shading Mode"},"sceneLighting":false,"audioPlay":false,"sceneViewState":{"m_AlwaysRefresh":false,"showFog":true,"showSkybox":false,"showFlares":true,"showImageEffects":true,"showParticleSystems":true,"showVisualEffectGraphs":true,"m_FxEnabled":true},"in2DMode":false,"pivot":{"x":0.5209517478942871,"y":-0.026250222697854043,"z":-0.34186941385269167},"rotation":{"x":-0.0003100461617577821,"y":-0.03208230808377266,"z":-0.00008463218546239659,"w":-0.9995434284210205},"size":0.6315224766731262,"orthographic":false}