{"cameraMode":{"drawMode":0,"name":"Shaded","section":"Shading Mode"},"sceneLighting":false,"audioPlay":false,"sceneViewState":{"m_AlwaysRefresh":false,"showFog":true,"showSkybox":false,"showFlares":true,"showImageEffects":true,"showParticleSystems":true,"showVisualEffectGraphs":true,"m_FxEnabled":true},"in2DMode":false,"pivot":{"x":26.37994956970215,"y":2.911831855773926,"z":4.43900203704834},"rotation":{"x":-0.11090704798698425,"y":0.055409662425518039,"z":-0.006191594991832972,"w":-0.9922776818275452},"size":1.7320507764816285,"orthographic":false}